region	nonsyn-low cost	nonsyn-large cost	syn-low cost	syn-large cost	OR	invOR	pval
vpu	72	24	27	5	0.555555555556	1.8	0.335649234374
vif	120	31	102	17	0.645161290323	1.55	0.202350179657
vpr	65	35	50	11	0.408571428571	2.45	0.0302436855722
nef	111	107	161	7	0.0451036164161	22.17	8.72199723363e-25
pol	346	105	702	10	0.0469407136074	21.3	2.24246401032e-35
env	509	277	358	70	0.359296533086	2.78	1.21470418472e-12
gag	193	111	344	9	0.0454902576996	21.98	2.71638217875e-32
all	1416	690	1744	129	0.0454902576996	21.98	2.71638217875e-32
