region	nonsyn-low cost	nonsyn-large cost	syn-low cost	syn-large cost	OR	invOR	pval
vpu	61	19	33	4	0.389154704944	2.57	0.134777844825
vif	119	37	115	12	0.335605170388	2.98	0.00155275810403
vpr	58	28	50	9	0.372857142857	2.68	0.0207667996679
nef	99	85	168	4	0.027731092437	36.06	1.11372683739e-24
pol	338	94	699	4	0.0205765074727	48.6	2.62419598921e-37
env	545	283	381	80	0.404366415329	2.47	5.32095430462e-11
gag	230	80	346	2	0.0166184971098	60.17	1.77905969617e-26
all	1450	626	1792	115	0.0166184971098	60.17	1.77905969617e-26
