gene	entropy	disorder	accessibility	structural
gag	0.475878287833	0.267884103726	0.287302105335	0.280359191287
pol	0.529051430753	0.103017167843	0.258924518798	0.248888700867
nef	0.518298706499	0.387757097589	0.234603890294	0.285468900032
env	0.400849388843	0.061478525061	-0.0588471290667	-0.107326369649
vif	0.624455342312	0.151010687184	0.106629834254	NaN
