gene	entropy	disorder	accessibility	structural
gag	0.582916738524	0.371006306494	0.313491939116	0.277751608543
pol	0.560101031196	0.100394940428	0.269079118567	0.228286475963
nef	0.599901907561	0.351403350116	0.249481609781	0.268297739996
env	0.390089545802	0.10726628877	-0.0868824918803	-0.071863825516
vif	0.677976738668	0.154456991679	0.156369023735	NaN
