gene	entropy	disorder	accessibility	structural
gag	0.519820349969	0.2881252473	0.284895257983	0.302531870711
pol	0.57387080905	0.0831443297793	0.274455704452	0.26771839015
nef	0.554788675564	0.322004826474	0.216421665892	0.330737223941
env	0.449818733215	0.0730168848148	-0.104667133807	-0.101591429639
vif	0.65413280637	0.143947123877	0.16650881347	NaN
