gene	entropy	disorder	accessibility	structural
gag	0.620896455468	0.37272600785	0.314216484292	0.304558048083
pol	0.607307842055	0.0829980290225	0.274581130557	0.243477262878
nef	0.605561746015	0.293657790382	0.212987363939	0.286595479992
env	0.435359198755	0.114131698666	-0.116579595167	-0.0598006320946
vif	0.73122321739	0.144803706845	0.216936838484	NaN
