gene	entropy	disorder	accessibility	structural
gag	0.610978411846	0.361152901612	0.303988859857	0.295022534888
pol	0.585683521589	0.0837714172363	0.270321176561	0.22708273452
nef	0.574959041238	0.320603978011	0.241134170772	0.27980510056
env	0.411558995132	0.0909472847742	-0.085301748025	-0.0584741874416
vif	0.73122321739	0.144803706845	0.216936838484	NaN
