gene	entropy	disorder	accessibility	structural
gag	0.503112318994	0.272107032206	0.276879544487	0.299724093541
pol	0.553004089415	0.081746864389	0.263450213963	0.249567221067
nef	0.522373846137	0.349505062233	0.252988257624	0.321540595327
env	0.425690630651	0.0405952486865	-0.0747820452939	-0.105062873554
vif	0.65413280637	0.143947123877	0.16650881347	NaN
